{
  "material": "316H Stainless Steel",
  "test_type": "Creep",
  "model": "Norton-Bailey with primary and tertiary stages",
  "equation": "d\u03b5/dt = A*\u03c3^n*exp(-Q/RT) + primary + tertiary",
  "parameters": {
    "A": 1.167853351446357e-15,
    "n": 5.168872039464982,
    "Q": 312627.65018634684,
    "R": 8.314,
    "stress_MPa": 119.64930117092914,
    "temperature_K": 904.0968338082484
  },
  "data_quality": {
    "noise_level": 0.03,
    "missing_rate": 0.02,
    "time_jitter": false,
    "duration_hours": 2000
  }
}