{
  "material": "316H Stainless Steel",
  "test_type": "Creep",
  "model": "Norton-Bailey with primary and tertiary stages",
  "equation": "d\u03b5/dt = A*\u03c3^n*exp(-Q/RT) + primary + tertiary",
  "parameters": {
    "A": 1.056564504375182e-15,
    "n": 5.191825913950189,
    "Q": 329304.14148559666,
    "R": 8.314,
    "stress_MPa": 120.80545606199966,
    "temperature_K": 945.9231584749024
  },
  "data_quality": {
    "noise_level": 0.01,
    "missing_rate": 0.02,
    "time_jitter": true,
    "duration_hours": 2000
  }
}