{
  "material": "316H Stainless Steel",
  "test_type": "Creep",
  "model": "Norton-Bailey with primary and tertiary stages",
  "equation": "d\u03b5/dt = A*\u03c3^n*exp(-Q/RT) + primary + tertiary",
  "parameters": {
    "A": 1.0780243862937559e-15,
    "n": 4.8264912714933494,
    "Q": 314847.9540398622,
    "R": 8.314,
    "stress_MPa": 157.37500154429847,
    "temperature_K": 902.6191136965147
  },
  "data_quality": {
    "noise_level": 0.03,
    "missing_rate": 0.02,
    "time_jitter": false,
    "duration_hours": 500
  }
}